RK,Name,player_href,team,POS,GP,CMP,ATT,CMP%,YDS,AVG,YDS/G,LNG,TD,INT,SACK,SYL,QBR,RTG
1,Matthew Stafford,http://www.espn.com/nfl/player/_/id/12483/matthew-stafford,LAR,QB,9,219,321,68.2,"2,771",8.6,307.9,75,23,6,12,101,69.6,111.0
2,Tom Brady,http://www.espn.com/nfl/player/_/id/2330/tom-brady,TB,QB,8,231,343,67.3,"2,650",7.7,331.3,62,25,5,12,86,69.0,108.6
3,Derek Carr,http://www.espn.com/nfl/player/_/id/16757/derek-carr,LV,QB,8,210,312,67.3,"2,565",8.2,320.6,61,13,7,18,124,54.5,97.0
4,Patrick Mahomes,http://www.espn.com/nfl/player/_/id/3139477/patrick-mahomes,KC,QB,9,236,362,65.2,"2,534",7.0,281.6,75,20,10,17,87,54.4,92.5
5,Joe Burrow,http://www.espn.com/nfl/player/_/id/3915511/joe-burrow,CIN,QB,9,195,286,68.2,"2,497",8.7,277.4,82,20,11,25,177,49.0,102.6
6,Lamar Jackson,http://www.espn.com/nfl/player/_/id/3916387/lamar-jackson,BAL,QB,9,199,309,64.4,"2,447",7.9,271.9,49,14,8,28,146,54.8,93.1
7,Justin Herbert,http://www.espn.com/nfl/player/_/id/4038941/justin-herbert,LAC,QB,8,211,319,66.1,"2,350",7.4,293.8,72,18,6,14,91,64.2,98.9
8,Kyler Murray,http://www.espn.com/nfl/player/_/id/3917315/kyler-murray,ARI,QB,8,186,256,72.7,"2,276",8.9,284.5,77,17,7,18,157,63.5,110.4
9,Josh Allen,http://www.espn.com/nfl/player/_/id/3918298/josh-allen,BUF,QB,8,209,319,65.5,"2,236",7.0,279.5,61,17,5,12,82,57.6,97.1
10,Carson Wentz,http://www.espn.com/nfl/player/_/id/2573079/carson-wentz,IND,QB,9,190,300,63.3,"2,198",7.3,244.2,76,17,3,17,120,59.6,100.1
11,Teddy Bridgewater,http://www.espn.com/nfl/player/_/id/16728/teddy-bridgewater,DEN,QB,9,200,285,70.2,"2,163",7.6,240.3,55,14,5,26,167,50.5,101.2
12,Matt Ryan,http://www.espn.com/nfl/player/_/id/11237/matt-ryan,ATL,QB,8,209,301,69.4,"2,157",7.2,269.6,64,15,6,14,96,58.4,98.1
13,Ryan Tannehill,http://www.espn.com/nfl/player/_/id/14876/ryan-tannehill,TEN,QB,9,191,289,66.1,"2,145",7.4,238.3,57,11,8,27,195,61.5,89.2
14,Kirk Cousins,http://www.espn.com/nfl/player/_/id/14880/kirk-cousins,MIN,QB,8,206,302,68.2,"2,140",7.1,267.5,64,16,2,10,69,55.5,103.4
15,Mac Jones,http://www.espn.com/nfl/player/_/id/4241464/mac-jones,NE,QB,9,204,300,68.0,"2,135",7.1,237.2,75,10,7,17,135,49.0,89.8
16,Daniel Jones,http://www.espn.com/nfl/player/_/id/3917792/daniel-jones,NYG,QB,9,190,293,64.8,"2,059",7.0,228.8,54,8,5,19,134,45.3,87.4
17,Dak Prescott,http://www.espn.com/nfl/player/_/id/2577417/dak-prescott,DAL,QB,7,177,255,69.4,"2,045",8.0,292.1,49,18,5,11,76,53.5,108.7
18,Jared Goff,http://www.espn.com/nfl/player/_/id/3046779/jared-goff,DET,QB,8,206,308,66.9,"1,995",6.5,249.4,63,8,6,22,182,29.2,85.3
19,Ben Roethlisberger,http://www.espn.com/nfl/player/_/id/5536/ben-roethlisberger,PIT,QB,8,196,299,65.6,"1,986",6.6,248.3,59,10,4,18,100,42.2,90.0
19,Sam Darnold,http://www.espn.com/nfl/player/_/id/3912547/sam-darnold,CAR,QB,9,182,306,59.5,"1,986",6.5,220.7,57,7,11,22,129,35.7,71.3
21,Jalen Hurts,http://www.espn.com/nfl/player/_/id/4040715/jalen-hurts,PHI,QB,9,168,273,61.5,"1,981",7.3,220.1,91,11,4,15,106,49.2,90.9
22,Taylor Heinicke,http://www.espn.com/nfl/player/_/id/2565969/taylor-heinicke,WSH,QB,8,175,274,63.9,"1,928",7.0,241.0,73,11,9,14,95,42.4,84.3
23,Baker Mayfield,http://www.espn.com/nfl/player/_/id/3052587/baker-mayfield,CLE,QB,8,150,225,66.7,"1,917",8.5,239.6,71,8,3,24,138,44.2,99.4
24,Aaron Rodgers,http://www.espn.com/nfl/player/_/id/8439/aaron-rodgers,GB,QB,8,173,258,67.1,"1,894",7.3,236.8,59,17,3,17,123,65.5,105.7
25,Trevor Lawrence,http://www.espn.com/nfl/player/_/id/4360310/trevor-lawrence,JAX,QB,8,176,296,59.5,"1,821",6.2,227.6,58,8,9,13,83,36.0,73.6
26,Jimmy Garoppolo,http://www.espn.com/nfl/player/_/id/16760/jimmy-garoppolo,SF,QB,7,139,213,65.3,"1,754",8.2,250.6,83,8,5,13,81,48.7,93.5
27,Davis Mills,http://www.espn.com/nfl/player/_/id/4242546/davis-mills,HOU,QB,7,140,209,67.0,"1,357",6.5,193.9,67,7,8,20,131,30.1,80.2
28,Jacoby Brissett,http://www.espn.com/nfl/player/_/id/2578570/jacoby-brissett,MIA,QB,8,141,225,62.7,"1,283",5.7,160.4,52,5,4,18,132,49.4,78.1
29,Justin Fields,http://www.espn.com/nfl/player/_/id/4362887/justin-fields,CHI,QB,9,111,187,59.4,"1,282",6.9,142.4,64,4,8,29,219,27.3,69.4
30,Tua Tagovailoa,http://www.espn.com/nfl/player/_/id/4241479/tua-tagovailoa,MIA,QB,6,111,170,65.3,"1,198",7.0,199.7,64,7,5,8,57,53.1,87.3
31,Russell Wilson,http://www.espn.com/nfl/player/_/id/14881/russell-wilson,SEA,QB,5,90,125,72.0,"1,196",9.6,239.2,69,10,1,13,92,63.2,125.3
32,Jameis Winston,http://www.espn.com/nfl/player/_/id/2969939/jameis-winston,NO,QB,7,95,161,59.0,"1,170",7.3,167.1,72,14,3,11,69,64.8,102.8
33,Zach Wilson,http://www.espn.com/nfl/player/_/id/4361259/zach-wilson,NYJ,QB,6,104,181,57.5,"1,168",6.5,194.7,54,4,9,19,160,27.9,63.5
34,Geno Smith,http://www.espn.com/nfl/player/_/id/15864/geno-smith,SEA,QB,4,65,95,68.4,702,7.4,175.5,84,5,1,13,117,42.4,103.0
34,Mike White,http://www.espn.com/nfl/player/_/id/3051381/mike-white,NYJ,QB,3,64,88,72.7,702,8.0,234.0,26,5,4,3,16,60.3,95.9
36,Tyrod Taylor,http://www.espn.com/nfl/player/_/id/14163/tyrod-taylor,HOU,QB,3,55,87,63.2,656,7.5,218.7,52,3,3,6,43,45.3,83.3
37,Trevor Siemian,http://www.espn.com/nfl/player/_/id/2511109/trevor-siemian,NO,QB,2,41,70,58.6,408,5.8,204.0,38,3,0,2,21,36.0,89.5
38,Trey Lance,http://www.espn.com/nfl/player/_/id/4383351/trey-lance,SF,QB,4,25,48,52.1,354,7.4,88.5,76,3,1,3,7,39.6,88.4
39,Josh Johnson,http://www.espn.com/nfl/player/_/id/11394/josh-johnson,NYJ,QB,2,29,45,64.4,334,7.4,167.0,26,3,1,2,14,18.7,99.7
40,Cooper Rush,http://www.espn.com/nfl/player/_/id/2972515/cooper-rush,DAL,QB,2,24,40,60.0,325,8.1,162.5,73,2,1,3,19,43.9,92.2
41,Andy Dalton,http://www.espn.com/nfl/player/_/id/14012/andy-dalton,CHI,QB,3,37,50,74.0,270,5.4,90.0,19,1,1,4,36,58.4,84.6
42,Jordan Love,http://www.espn.com/nfl/player/_/id/4036378/jordan-love,GB,QB,3,24,41,58.5,258,6.3,86.0,35,1,1,2,15,27.4,75.1
43,Colt McCoy,http://www.espn.com/nfl/player/_/id/13199/colt-mccoy,ARI,QB,4,22,26,84.6,249,9.6,62.3,50,1,0,2,8,63.6,119.4
44,Case Keenum,http://www.espn.com/nfl/player/_/id/15168/case-keenum,CLE,QB,4,22,36,61.1,205,5.7,51.3,34,1,0,1,5,47.7,86.0
45,Mike Glennon,http://www.espn.com/nfl/player/_/id/15837/mike-glennon,NYG,QB,1,16,25,64.0,196,7.8,196.0,35,1,2,0,0,30.4,68.1
46,Drew Lock,http://www.espn.com/nfl/player/_/id/3924327/drew-lock,DEN,QB,1,12,21,57.1,113,5.4,113.0,32,0,1,3,15,5.8,52.3
47,Chad Henne,http://www.espn.com/nfl/player/_/id/11291/chad-henne,KC,QB,1,11,16,68.8,82,5.1,82.0,17,0,0,0,0,68.2,80.7
48,Brian Hoyer,http://www.espn.com/nfl/player/_/id/12477/brian-hoyer,NE,QB,2,3,4,75.0,79,19.8,39.5,29,0,0,0,0,98.5,116.7
49,Cedrick Wilson,http://www.espn.com/nfl/player/_/id/4036335/cedrick-wilson,DAL,WR,8,2,2,100.0,57,28.5,7.1,35,0,0,0,0,100.0,118.8
50,Blaine Gabbert,http://www.espn.com/nfl/player/_/id/13987/blaine-gabbert,TB,QB,3,5,6,83.3,56,9.3,18.7,23,0,0,0,0,74.6,105.6
